inventario,plotid,prestrat,poststrat
1,0_INFFS_SAA,1,No Bosque
1,10_INFFS_SAA,1,No Bosque
1,20_INFFS_SAA,1,No Bosque
1,30_INFFS_SAA,1,No Bosque
1,3440_INFFS_SAA,1,Bosque
1,3450_INFFS_SAA,1,No Bosque
1,3460_INFFS_SAA,1,No Bosque
1,3470_INFFS_SAA,1,Bosque
1,3480_INFFS_SAA,1,Bosque
1,3490_INFFS_SAA,1,No Bosque
1,3500_INFFS_SAA,1,Buffer
1,3510_INFFS_SAA,1,Bosque
1,3520_INFFS_SAA,1,Perdida
1,3530_INFFS_SAA,1,No Bosque
1,3540_INFFS_SAA,1,No Bosque
1,3550_INFFS_SAA,1,Buffer
1,3560_INFFS_SAA,1,No Bosque
1,3570_INFFS_SAA,1,No Bosque
1,3580_INFFS_SAA,1,No Bosque
1,3590_INFFS_SAA,1,Bosque
1,3600_INFFS_SAA,1,Bosque
1,3610_INFFS_SAA,1,No Bosque
1,3620_INFFS_SAA,1,No Bosque
1,3630_INFFS_SAA,1,Buffer
1,3640_INFFS_SAA,1,Buffer
1,3650_INFFS_SAA,1,Buffer
1,3660_INFFS_SAA,1,Buffer
1,3670_INFFS_SAA,1,Perdida
1,3680_INFFS_SAA,1,Perdida
1,3690_INFFS_SAA,1,No Bosque
1,3700_INFFS_SAA,1,Buffer
1,3710_INFFS_SAA,1,Bosque
1,3720_INFFS_SAA,1,Buffer
1,3730_INFFS_SAA,1,Bosque
1,3740_INFFS_SAA,1,No Bosque
1,3750_INFFS_SAA,1,Bosque
1,3760_INFFS_SAA,1,Bosque
1,3770_INFFS_SAA,1,Bosque
1,3780_INFFS_SAA,1,Perdida
1,3790_INFFS_SAA,1,Bosque
1,3800_INFFS_SAA,1,No Bosque
1,3810_INFFS_SAA,1,Buffer
1,3820_INFFS_SAA,1,Bosque
1,3830_INFFS_SAA,1,Bosque
1,3840_INFFS_SAA,1,Bosque
1,3850_INFFS_SAA,1,Bosque
1,3860_INFFS_SAA,1,Bosque
1,3870_INFFS_SAA,1,Bosque
1,3880_INFFS_SAA,1,Bosque
1,3890_INFFS_SAA,1,No Bosque
1,3900_INFFS_SAA,1,Bosque
1,3910_INFFS_SAA,1,Perdida
1,3920_INFFS_SAA,1,Bosque
1,3930_INFFS_SAA,1,No Bosque
1,3940_INFFS_SAA,1,Buffer
1,3950_INFFS_SAA,1,Bosque
1,3960_INFFS_SAA,1,Bosque
1,3970_INFFS_SAA,1,Buffer
1,3980_INFFS_SAA,1,Bosque
1,3990_INFFS_SAA,1,Bosque
1,40_INFFS_SAA,1,No Bosque
1,4000_INFFS_SAA,1,Bosque
1,4010_INFFS_SAA,1,No Bosque
1,4020_INFFS_SAA,1,Bosque
1,4030_INFFS_SAA,1,Bosque
1,4040_INFFS_SAA,1,Bosque
1,4050_INFFS_SAA,1,Bosque
1,4060_INFFS_SAA,1,Bosque
1,4070_INFFS_SAA,1,Bosque
1,4080_INFFS_SAA,1,Bosque
1,4090_INFFS_SAA,1,No Bosque
1,4100_INFFS_SAA,1,Bosque
1,4110_INFFS_SAA,1,No Bosque
1,4120_INFFS_SAA,1,No Bosque
1,4130_INFFS_SAA,1,No Bosque
1,4140_INFFS_SAA,1,No Bosque
1,4150_INFFS_SAA,1,Bosque
1,4160_INFFS_SAA,1,No Bosque
1,4180_INFFS_SAA,1,No Bosque
1,4190_INFFS_SAA,1,Bosque
1,4200_INFFS_SAA,1,Bosque
1,4210_INFFS_SAA,1,Buffer
1,4220_INFFS_SAA,1,Perdida
1,4230_INFFS_SAA,1,Bosque
1,4240_INFFS_SAA,1,Bosque
1,4250_INFFS_SAA,1,Perdida
1,4260_INFFS_SAA,1,No Bosque
1,4270_INFFS_SAA,1,No Bosque
1,4280_INFFS_SAA,1,Buffer
1,4290_INFFS_SAA,1,Bosque
1,4300_INFFS_SAA,1,No Bosque
1,4310_INFFS_SAA,1,No Bosque
1,4320_INFFS_SAA,1,Bosque
1,4330_INFFS_SAA,1,Perdida
1,4340_INFFS_SAA,1,No Bosque
1,4350_INFFS_SAA,1,Buffer
1,4360_INFFS_SAA,1,Bosque
1,4370_INFFS_SAA,1,No Bosque
1,4380_INFFS_SAA,1,No Bosque
1,4390_INFFS_SAA,1,Bosque
1,4400_INFFS_SAA,1,Bosque
1,4410_INFFS_SAA,1,Bosque
1,4420_INFFS_SAA,1,No Bosque
1,4430_INFFS_SAA,1,No Bosque
1,4440_INFFS_SAA,1,Bosque
1,4450_INFFS_SAA,1,Bosque
1,4460_INFFS_SAA,1,Bosque
1,4470_INFFS_SAA,1,No Bosque
1,4480_INFFS_SAA,1,No Bosque
1,4490_INFFS_SAA,1,No Bosque
1,4500_INFFS_SAA,1,No Bosque
1,4510_INFFS_SAA,1,Bosque
1,4520_INFFS_SAA,1,No Bosque
1,4530_INFFS_SAA,1,Bosque
1,4540_INFFS_SAA,1,No Bosque
1,4550_INFFS_SAA,1,No Bosque
1,4560_INFFS_SAA,1,Bosque
1,4570_INFFS_SAA,1,Bosque
1,4580_INFFS_SAA,1,Buffer
1,4590_INFFS_SAA,1,Bosque
1,4600_INFFS_SAA,1,Bosque
1,4610_INFFS_SAA,1,No Bosque
1,4620_INFFS_SAA,1,Bosque
1,4630_INFFS_SAA,1,Bosque
1,4640_INFFS_SAA,1,Bosque
1,4650_INFFS_SAA,1,Bosque
1,4660_INFFS_SAA,1,Buffer
1,4670_INFFS_SAA,1,No Bosque
1,4680_INFFS_SAA,1,No Bosque
1,4690_INFFS_SAA,1,Buffer
1,4700_INFFS_SAA,1,No Bosque
1,4710_INFFS_SAA,1,Bosque
1,4720_INFFS_SAA,1,No Bosque
1,4730_INFFS_SAA,1,Bosque
1,4740_INFFS_SAA,1,Buffer
1,4750_INFFS_SAA,1,No Bosque
1,4760_INFFS_SAA,1,Bosque
1,4770_INFFS_SAA,1,Buffer
1,4780_INFFS_SAA,1,No Bosque
1,4790_INFFS_SAA,1,Bosque
1,4800_INFFS_SAA,1,No Bosque
1,4810_INFFS_SAA,1,No Bosque
1,4820_INFFS_SAA,1,Bosque
1,4830_INFFS_SAA,1,No Bosque
1,4840_INFFS_SAA,1,No Bosque
1,4850_INFFS_SAA,1,No Bosque
1,4860_INFFS_SAA,1,Perdida
1,4870_INFFS_SAA,1,Bosque
1,4880_INFFS_SAA,1,No Bosque
1,4890_INFFS_SAA,1,Perdida
1,4900_INFFS_SAA,1,Bosque
1,4910_INFFS_SAA,1,No Bosque
1,4920_INFFS_SAA,1,No Bosque
1,4930_INFFS_SAA,1,No Bosque
1,4940_INFFS_SAA,1,No Bosque
1,4950_INFFS_SAA,1,Bosque
1,4960_INFFS_SAA,1,Buffer
1,4970_INFFS_SAA,1,Bosque
1,4980_INFFS_SAA,1,Perdida
1,4990_INFFS_SAA,1,Buffer
1,50_INFFS_SAA,1,No Bosque
1,5000_INFFS_SAA,1,No Bosque
1,5010_INFFS_SAA,1,Bosque
1,5020_INFFS_SAA,1,Bosque
1,5030_INFFS_SAA,1,Buffer
1,5040_INFFS_SAA,1,Perdida
1,5050_INFFS_SAA,1,No Bosque
1,5060_INFFS_SAA,1,Bosque
1,5070_INFFS_SAA,1,No Bosque
1,5080_INFFS_SAA,1,No Bosque
1,5090_INFFS_SAA,1,Bosque
1,5100_INFFS_SAA,1,No Bosque
1,5110_INFFS_SAA,1,No Bosque
1,5120_INFFS_SAA,1,Bosque
1,5130_INFFS_SAA,1,Bosque
1,5140_INFFS_SAA,1,Bosque
1,5150_INFFS_SAA,1,No Bosque
1,5160_INFFS_SAA,1,No Bosque
1,5170_INFFS_SAA,1,Buffer
1,5180_INFFS_SAA,1,No Bosque
1,5190_INFFS_SAA,1,Bosque
1,5200_INFFS_SAA,1,Buffer
1,5210_INFFS_SAA,1,No Bosque
1,5220_INFFS_SAA,1,Buffer
1,5230_INFFS_SAA,1,Bosque
1,5240_INFFS_SAA,1,Bosque
1,5250_INFFS_SAA,1,Buffer
1,5260_INFFS_SAA,1,Bosque
1,5270_INFFS_SAA,1,Perdida
1,5280_INFFS_SAA,1,No Bosque
1,5290_INFFS_SAA,1,Bosque
1,5300_INFFS_SAA,1,Buffer
1,5310_INFFS_SAA,1,Bosque
1,5320_INFFS_SAA,1,No Bosque
1,5330_INFFS_SAA,1,Buffer
1,5340_INFFS_SAA,1,Buffer
1,5350_INFFS_SAA,1,Buffer
1,5360_INFFS_SAA,1,Perdida
1,5370_INFFS_SAA,1,Buffer
1,5380_INFFS_SAA,1,Bosque
1,5390_INFFS_SAA,1,Buffer
1,5400_INFFS_SAA,1,Perdida
1,5410_INFFS_SAA,1,Bosque
1,5420_INFFS_SAA,1,Bosque
1,5430_INFFS_SAA,1,No Bosque
1,5440_INFFS_SAA,1,No Bosque
1,5450_INFFS_SAA,1,Bosque
1,5460_INFFS_SAA,1,Bosque
1,5470_INFFS_SAA,1,Bosque
1,5480_INFFS_SAA,1,No Bosque
1,5490_INFFS_SAA,1,Bosque
1,5500_INFFS_SAA,1,Buffer
1,5510_INFFS_SAA,1,Bosque
1,5520_INFFS_SAA,1,No Bosque
1,5530_INFFS_SAA,1,Buffer
1,5540_INFFS_SAA,1,No Bosque
1,5550_INFFS_SAA,1,Buffer
1,5560_INFFS_SAA,1,No Bosque
1,5570_INFFS_SAA,1,Buffer
1,5580_INFFS_SAA,1,Bosque
1,5590_INFFS_SAA,1,No Bosque
1,5600_INFFS_SAA,1,Bosque
1,5610_INFFS_SAA,1,No Bosque
1,5620_INFFS_SAA,1,Buffer
1,5630_INFFS_SAA,1,Bosque
1,5640_INFFS_SAA,1,Perdida
1,5650_INFFS_SAA,1,Bosque
1,5660_INFFS_SAA,1,Bosque
1,5670_INFFS_SAA,1,Bosque
1,5680_INFFS_SAA,1,Bosque
1,5690_INFFS_SAA,1,Bosque
1,5700_INFFS_SAA,1,Bosque
1,5710_INFFS_SAA,1,No Bosque
1,5720_INFFS_SAA,1,Bosque
1,5730_INFFS_SAA,1,No Bosque
1,5740_INFFS_SAA,1,Bosque
1,5750_INFFS_SAA,1,No Bosque
1,5760_INFFS_SAA,1,Buffer
1,5770_INFFS_SAA,1,Perdida
1,5780_INFFS_SAA,1,Bosque
1,5790_INFFS_SAA,1,Buffer
1,5800_INFFS_SAA,1,Bosque
1,60_INFFS_SAA,1,No Bosque
1,70_INFFS_SAA,1,No Bosque
